{"schemaVersion":16,"addons":[{"id":"uBlock0@raymondhill.net","syncGUID":"8dX0tS5uzfwb","location":"app-profile","version":"1.12.4","type":"extension","internalName":null,"updateURL":null,"updateKey":null,"optionsURL":null,"optionsType":"2","aboutURL":null,"iconURL":null,"icon64URL":null,"defaultLocale":{"name":"uBlock Origin","description":"Finally, an efficient blocker. Easy on CPU and memory.","creator":"All uBlock Origin contributors","homepageURL":"https://github.com/gorhill/uBlock","developers":["Deathamns","Alex Vallat","Manuel Reimer"]},"visible":true,"active":true,"userDisabled":false,"appDisabled":false,"descriptor":"/home/user1/.moonchild productions/pale moon/7oqjib1d.default/extensions/uBlock0@raymondhill.net.xpi","installDate":1495525490000,"updateDate":1495525490000,"applyBackgroundUpdates":1,"bootstrap":true,"size":5788409,"sourceURI":null,"releaseNotesURI":null,"softDisabled":false,"foreignInstall":false,"hasBinaryComponents":false,"strictCompatibility":false,"locales":[{"locales":["ar"],"name":"uBlock Origin","description":"وأخيراً, مانع اعلانات كفوء. خفيف على المعالج و الذاكرة.","creator":"All uBlock Origin contributors","homepageURL":"https://github.com/gorhill/uBlock"},{"locales":["bg"],"name":"uBlock Origin","description":"Най-накрая, ефективен рекламен блокер с малки изисквания за процесор и памет.","creator":"All uBlock Origin contributors","homepageURL":"https://github.com/gorhill/uBlock"},{"locales":["bn"],"name":"uBlock Origin","description":"অবশেষে, একটি কার্যকর বিজ্ঞাপন প্রতিরোধক। সিপিইউ এবং মেমরি সহায়ক।","creator":"All uBlock Origin contributors","homepageURL":"https://github.com/gorhill/uBlock"},{"locales":["ca"],"name":"uBlock Origin","description":"Finalment, un blocador eficient que utilitza pocs recursos de memòria i processador.","creator":"All uBlock Origin contributors","homepageURL":"https://github.com/gorhill/uBlock"},{"locales":["cs"],"name":"uBlock Origin","description":"Konečně efektivní blokovač, který nezatěžuje CPU a paměť.","creator":"All uBlock Origin contributors","homepageURL":"https://github.com/gorhill/uBlock"},{"locales":["cv"],"name":"uBlock Origin","description":"Тинех Интернет тишкерӳҫӗ валли хӑвӑрт та витӗмлӗ чаркӑч пур.","creator":"All uBlock Origin contributors","homepageURL":"https://github.com/gorhill/uBlock"},{"locales":["da"],"name":"uBlock Origin","description":"Endelig en effektiv blocker til Chromium-baserede browsere. Lavt CPU- og hukommelsesbrug.","creator":"All uBlock Origin contributors","homepageURL":"https://github.com/gorhill/uBlock"},{"locales":["de"],"name":"uBlock Origin","description":"Endlich ein effizienter Blocker. Prozessor-freundlich und bescheiden beim Speicherbedarf.","creator":"All uBlock Origin contributors","homepageURL":"https://github.com/gorhill/uBlock"},{"locales":["el"],"name":"uBlock Origin","description":"Επιτέλους, ένας αποτελεσματικός blocker. Ελαφρύς για τον επεξεργαστή και τη μνήμη.","creator":"All uBlock Origin contributors","homepageURL":"https://github.com/gorhill/uBlock"},{"locales":["eo"],"name":"uBlock Origin","description":"Finfine rendimenta reklamoblokilo. Afabla por ĉefprocesoro kaj memoro.","creator":"All uBlock Origin contributors","homepageURL":"https://github.com/gorhill/uBlock"},{"locales":["es"],"name":"uBlock Origin","description":"Por fin, un bloqueador eficiente con uso mínimo de procesador y memoria.","creator":"All uBlock Origin contributors","homepageURL":"https://github.com/gorhill/uBlock"},{"locales":["et"],"name":"uBlock Origin","description":"Lõpuks on valminud tõhus blokeerija. Protsessori- ja mälusõbralik.","creator":"All uBlock Origin contributors","homepageURL":"https://github.com/gorhill/uBlock"},{"locales":["eu"],"name":"uBlock Origin","description":"Behingoz, blokeatzaile eraginkor bat. PUZ eta memorian arina.","creator":"All uBlock Origin contributors","homepageURL":"https://github.com/gorhill/uBlock"},{"locales":["fa"],"name":"uBlock Origin","description":"بالاخره، یک بلاکر کارآمد. کم حجم بر روی پردازنده و حافظه.","creator":"All uBlock Origin contributors","homepageURL":"https://github.com/gorhill/uBlock"},{"locales":["fi"],"name":"uBlock Origin","description":"Viimeinkin tehokas ja kevyt mainosten estäjä.","creator":"All uBlock Origin contributors","homepageURL":"https://github.com/gorhill/uBlock"},{"locales":["fil"],"name":"uBlock Origin","description":"Sa wakas! Isang magaling na blocker para sa Chromium-based browsers. Magaan sa CPU at memory.","creator":"All uBlock Origin contributors","homepageURL":"https://github.com/gorhill/uBlock"},{"locales":["fr"],"name":"uBlock Origin","description":"Un bloqueur de nuisances efficace, qui ménagera votre processeur et votre mémoire vive.","creator":"All uBlock Origin contributors","homepageURL":"https://github.com/gorhill/uBlock"},{"locales":["fy"],"name":"uBlock Origin","description":"Einlik, in effisjinte adblocker. Brûkt hast gjin prosessorkrêft of ûnthâld.","creator":"All uBlock Origin contributors","homepageURL":"https://github.com/gorhill/uBlock"},{"locales":["gl"],"name":"uBlock Origin","description":"Ó fin, un bloqueador eficiente que non chupa toda a memoria e o procesador.","creator":"All uBlock Origin contributors","homepageURL":"https://github.com/gorhill/uBlock"},{"locales":["he"],"name":"uBlock Origin","description":"סוף סוף, חוסם יעיל. קל על המעבד והזיכרון.","creator":"All uBlock Origin contributors","homepageURL":"https://github.com/gorhill/uBlock"},{"locales":["hi"],"name":"uBlock Origin","description":"आख़िरकार, क्रोमियम-बेस्ड ब्राउज़रों के लिए एक कुशल अवरोधक। CPU और स्मृति पर आसान।","creator":"All uBlock Origin contributors","homepageURL":"https://github.com/gorhill/uBlock"},{"locales":["hr"],"name":"uBlock Origin","description":"Konačno, efikasan blokator. Lak na CPU i memoriji.","creator":"All uBlock Origin contributors","homepageURL":"https://github.com/gorhill/uBlock"},{"locales":["hu"],"name":"uBlock Origin","description":"Végre egy hatékony reklám- és követésblokkoló böngészőkhöz, amely kíméletes a processzorral és a memóriával.","creator":"All uBlock Origin contributors","homepageURL":"https://github.com/gorhill/uBlock"},{"locales":["id"],"name":"uBlock Origin","description":"Akhirnya, pemblokir iklan yang efisien. Ringan penggunaan CPU dan memori.","creator":"All uBlock Origin contributors","homepageURL":"https://github.com/gorhill/uBlock"},{"locales":["it"],"name":"uBlock Origin","description":"Finalmente, un blocker efficiente. Leggero sulla CPU e sulla memoria.","creator":"All uBlock Origin contributors","homepageURL":"https://github.com/gorhill/uBlock"},{"locales":["ja"],"name":"uBlock Origin","description":"高効率ブロッカーが遂に登場。CPUとメモリーの負担を抑えます。","creator":"All uBlock Origin contributors","homepageURL":"https://github.com/gorhill/uBlock"},{"locales":["ka"],"name":"uBlock Origin","description":"როგორც იქნა, ეფექტური მბლოკავი. ზოგავს CPU-ს და მეხსიერებას.","creator":"All uBlock Origin contributors","homepageURL":"https://github.com/gorhill/uBlock"},{"locales":["kn"],"name":"uBlock Origin","description":"ಕೊನೆಗೂ, ಒಂದು ದಕ್ಷ ನಿರ್ಬಂಧಕ. ಮಿತವಾದ ಸಿಪಿಯೂ ಹಾಗು ಮೆಮೊರಿ ಬಳಕೆ.","creator":"All uBlock Origin contributors","homepageURL":"https://github.com/gorhill/uBlock"},{"locales":["ko"],"name":"uBlock Origin","description":"이 부가 기능은 효율적인 차단기입니다. CPU와 메모리에 주는 부담이 적습니다.","creator":"All uBlock Origin contributors","homepageURL":"https://github.com/gorhill/uBlock"},{"locales":["lt"],"name":"uBlock Origin","description":"Pagaliau, efektyvus blokatorius, neapkraunantis nei procesoriaus, nei darbinės atminties.","creator":"All uBlock Origin contributors","homepageURL":"https://github.com/gorhill/uBlock"},{"locales":["lv"],"name":"uBlock Origin","description":"Beidzot, efektīvs bloķētājs. Nepārslogo procesoru un atmiņu.","creator":"All uBlock Origin contributors","homepageURL":"https://github.com/gorhill/uBlock"},{"locales":["ml"],"name":"uBlock Origin","description":"അവസാനം, ഒരു കാര്യക്ഷമമായ ബ്ലോക്കര്‍. ലഘുവായ CPU, memory ഉപയോഗം.","creator":"All uBlock Origin contributors","homepageURL":"https://github.com/gorhill/uBlock"},{"locales":["mr"],"name":"uBlock Origin","description":"शेवटी, एक कार्यक्षम ब्लॉकर क्रोमियम आधारित ब्राउझरांसाठी. सीपीयू आणि मेमरी वर सोपे जातो.","creator":"All uBlock Origin contributors","homepageURL":"https://github.com/gorhill/uBlock"},{"locales":["nb"],"name":"uBlock Origin","description":"Endelig en effektiv blokkeringsutvidelse. Lavt CPU- og minnebruk.","creator":"All uBlock Origin contributors","homepageURL":"https://github.com/gorhill/uBlock"},{"locales":["nl"],"name":"uBlock Origin","description":"Eindelijk, een efficiënte adblocker. Gebruikt weinig processorkracht en geheugen.","creator":"All uBlock Origin contributors","homepageURL":"https://github.com/gorhill/uBlock"},{"locales":["pl"],"name":"uBlock Origin","description":"Nareszcie skuteczne blokowanie reklam, niskie użycie procesora i pamięci.","creator":"All uBlock Origin contributors","homepageURL":"https://github.com/gorhill/uBlock"},{"locales":["pt-BR"],"name":"uBlock Origin","description":"Finalmente, um bloqueador eficiente. Com baixo uso de memória e CPU.","creator":"All uBlock Origin contributors","homepageURL":"https://github.com/gorhill/uBlock"},{"locales":["pt-PT"],"name":"uBlock Origin","description":"Finalmente, um bloqueador eficiente. Leve na CPU e memória.","creator":"All uBlock Origin contributors","homepageURL":"https://github.com/gorhill/uBlock"},{"locales":["ro"],"name":"uBlock Origin","description":"În sfârșit, un blocant eficient. Are un impact mic asupra procesorului și memoriei.","creator":"All uBlock Origin contributors","homepageURL":"https://github.com/gorhill/uBlock"},{"locales":["ru"],"name":"uBlock Origin","description":"Наконец-то, быстрый и эффективный блокировщик для браузеров.","creator":"All uBlock Origin contributors","homepageURL":"https://github.com/gorhill/uBlock"},{"locales":["sk"],"name":"uBlock Origin","description":"Konečne efektívny blokovač, ktorý nezaťažuje CPU a pamäť.","creator":"All uBlock Origin contributors","homepageURL":"https://github.com/gorhill/uBlock"},{"locales":["sl"],"name":"uBlock Origin","description":"Končno, učinkovita, procesorju in pomnilniku prijazna razširitev za blokiranje oglasov.","creator":"All uBlock Origin contributors","homepageURL":"https://github.com/gorhill/uBlock"},{"locales":["sq"],"name":"uBlock Origin","description":"Më në fund, një bllokues efikas që nuk e rëndon procesorin dhe memorjen.","creator":"All uBlock Origin contributors","homepageURL":"https://github.com/gorhill/uBlock"},{"locales":["sr"],"name":"uBlock Origin","description":"Коначно, ефикасан блокатор. Ниски процесорски и меморијски захтеви.","creator":"All uBlock Origin contributors","homepageURL":"https://github.com/gorhill/uBlock"},{"locales":["sv"],"name":"uBlock Origin","description":"Äntligen en effektiv blockerare! Snäll mot processor och minne.","creator":"All uBlock Origin contributors","homepageURL":"https://github.com/gorhill/uBlock"},{"locales":["ta"],"name":"uBlock Origin","description":"இறுதியாக, ஒரு திறமையான விளம்பரத் தடுப்பான். கணினியின் மையச் செயற்பகுதியின் மேலும் நினைவகத்தின் மேலும் இலகுவானது.","creator":"All uBlock Origin contributors","homepageURL":"https://github.com/gorhill/uBlock"},{"locales":["te"],"name":"uBlock Origin","description":"మొత్తానికి RAM ఇంకా CPU పై తేలికయిన, ఒక సమర్థవంతమైన నిరోధిని.","creator":"All uBlock Origin contributors","homepageURL":"https://github.com/gorhill/uBlock"},{"locales":["tr"],"name":"uBlock Origin","description":"Sonunda, etkili bir engelleyici. İşlemci ve belleği yormaz.","creator":"All uBlock Origin contributors","homepageURL":"https://github.com/gorhill/uBlock"},{"locales":["uk"],"name":"uBlock Origin","description":"Ефективний блокувальник реклами таки з’явився. Не навантажує процесор та пам'ять.","creator":"All uBlock Origin contributors","homepageURL":"https://github.com/gorhill/uBlock"},{"locales":["vi"],"name":"uBlock Origin","description":"Cuối cùng, đã có một công cụ chặn quảng cáo hiệu quả, tiêu tốn ít CPU và bộ nhớ.","creator":"All uBlock Origin contributors","homepageURL":"https://github.com/gorhill/uBlock"},{"locales":["zh-CN"],"name":"uBlock Origin","description":"一款高效的网络请求过滤工具，占用极低的内存和 CPU。","creator":"All uBlock Origin contributors","homepageURL":"https://github.com/gorhill/uBlock"},{"locales":["zh-TW"],"name":"uBlock Origin","description":"終於出現了，一個高效率的阻擋器，使用不多的 CPU 及記憶體資源。","creator":"All uBlock Origin contributors","homepageURL":"https://github.com/gorhill/uBlock"}],"targetApplications":[{"id":"{ec8030f7-c20a-464f-9b0e-13a3a9e97384}","minVersion":"24.0","maxVersion":"*"},{"id":"{aa3c5121-dab2-40e2-81ca-7ea25febc110}","minVersion":"27.0","maxVersion":"*"},{"id":"{92650c4d-4b8e-4d2a-b7eb-24ecf4f6b63a}","minVersion":"2.24","maxVersion":"*"},{"id":"{8de7fcbb-c55c-4fbe-bfc5-fc555c87dbc4}","minVersion":"26.0","maxVersion":"27.*"},{"id":"{3550f703-e582-4d05-9a08-453d09bdfdc6}","minVersion":"31.0","maxVersion":"45.*"}],"targetPlatforms":[],"multiprocessCompatible":true,"jetsdk":false,"native":true},{"id":"{73a6fe31-595d-460b-a920-fcc0f8843232}","syncGUID":"y329OcJOcv1X","location":"app-profile","version":"5.0.4","type":"extension","internalName":null,"updateURL":null,"updateKey":null,"optionsURL":"chrome://noscript/content/noscriptOptions.xul","optionsType":null,"aboutURL":"chrome://noscript/content/about.xul","iconURL":"chrome://noscript/skin/icon32.png","icon64URL":"chrome://noscript/skin/icon64.png","defaultLocale":{"name":"NoScript","description":"Extra protection for your Firefox: NoScript allows JavaScript, Java (and other plugins) only for trusted domains of your choice (e.g. your home-banking web site). This whitelist based pre-emptive blocking approach  prevents exploitation of security vulnerabilities (known and even unknown!) with no loss of functionality... Experts will agree: Firefox is really safer with NoScript :-)","creator":"Giorgio Maone","homepageURL":"https://noscript.net","contributors":["aivo (Estonian translation)","Alberto Martínez, EduLeo & Urko (Spanish translation)","Algimantas Margevičius (Lithuanian translation)","Asaf Bartov & baryoni (Hebrew translation)","Alf and Liesbeth (Dutch translation)","Alexander Sokolov, Sergei Smirnov and negodnik (Russian translation)","Batuhan Çetin and eveterinary (Turkish translation)","Baurzhan Muftakhidinov (Kazakh translation)","Beerboy & Haebaru (Japanese translation)","Carsten Winkler (Danish translation)","Chiou Po-Jung (Chinese Traditional translation)","Dario Ornelas (Portuguese translation)","drAcOniS and Petr Jirsa (Czech translation)","Drive DRKA and Dzmitry Drazdou (Belarusian translation)","Engin Yazılan, Erkan Kaplan & Fathi  (Turkish translation)","Georgi Marchev (Bulgarian translation)","Håvard Mork (Norwegian bokmål translation)","Hwasung Kim (Places bookmarklet patch)","Ivan Pesic, dragan021 (Serbian translation)","Ivan Jonoski (Macedonian translation)","Jameka (Swedish translation)","Joan-Josep Bargues (Catalan translation)","Joshua Issac (Malay translation)","Khaled Hosny & Nassim Dhaher (Arabic translation)","Krcko (Croatian translation)","Ian Moody (English GB translation)","LocaLiceR (Hungarian translation)","Lukasz Biegaj & Teo (Polish translation)","Michela Venuto (inspiration)","Mika Pirinen (Finnish translation)","Mindaugas Jakutis (Lithuanian translation)","Mikes Kaszmán István (Hungarian translation)","MozUA (Ukrainian translation)","Pedram Veisi (Persian translation)","Peter Bradley (Welsh translation)","Raryel Costa Souza (Brazilian Portuguese)","regfreak (Indonesian translation)","roebek (Galician translation)","Qen (Thai translation)","seaousak (Korean translation)","SlovakSoft (Slovak translation)","Sonickydon (Greek translation)","Stiepan A. Kovac (Croatian translation)","swarnava (Bengali translation)","Tomaz Macus (Slovenian translation)","Thomas Weber & Volker Hable (German translation)","tonynguyen and loveleeyoungae (Vietnamese translation)","x10firefox and Ultravioletu (Romanian translation)","Xavier Robin & BlackJack (French translation)","X.F Mao & George C. Tsoi (Simplified Chinese)"]},"visible":true,"active":true,"userDisabled":false,"appDisabled":false,"descriptor":"/home/user1/.moonchild productions/pale moon/7oqjib1d.default/extensions/{73a6fe31-595d-460b-a920-fcc0f8843232}.xpi","installDate":1495527046000,"updateDate":1495527046000,"applyBackgroundUpdates":1,"bootstrap":false,"size":2128489,"sourceURI":null,"releaseNotesURI":null,"softDisabled":false,"foreignInstall":false,"hasBinaryComponents":false,"strictCompatibility":false,"locales":[],"targetApplications":[{"id":"{ec8030f7-c20a-464f-9b0e-13a3a9e97384}","minVersion":"45.0","maxVersion":"*"},{"id":"{92650c4d-4b8e-4d2a-b7eb-24ecf4f6b63a}","minVersion":"2.42","maxVersion":"*"},{"id":"{8de7fcbb-c55c-4fbe-bfc5-fc555c87dbc4}","minVersion":"27.0.2","maxVersion":"*"}],"targetPlatforms":[],"multiprocessCompatible":true,"jetsdk":false,"native":true},{"id":"cslite-mod@wantora.bitbucket.org","syncGUID":"wL6nFYKn2Ml0","location":"app-profile","version":"1.4.9.1-signed.1-signed","type":"extension","internalName":null,"updateURL":null,"updateKey":null,"optionsURL":"chrome://cookiesafe/content/cookiesafeOptions.xul","optionsType":null,"aboutURL":"chrome://cookiesafe/content/cookiesafeAbout.xul","iconURL":"chrome://cookiesafe/skin/cookiesafe.gif","icon64URL":null,"defaultLocale":{"name":"CS Lite Mod","description":"Control cookie permissions.","creator":"wantora","homepageURL":"https://bitbucket.org/wantora/cslite-mod/","contributors":["Ron Beckman (Original creator)","Matt Go (Sweets icons)","Digital Studio Art (Simple icons)","Hand icons inspired by a Forrest Walter design","Blocklist maintained by Alan Baxter","Fingli (bg-BG)","Richard (de-DE)","Proyecto Nave (es-ES)","Menet (fr-FR)","Cashman (hu-HU)","Bluviolin (it-IT)","Drry (ja-JP)","Wtspout (ko-KR)","Markh (nl-NL)","Skiff (pl-PL)","Alberto Eidh (pt-BR)","FunAlien (ru-RU)","Myroslav (uk-UA)","Fracsh / Firewire (zh-CN)"]},"visible":true,"active":true,"userDisabled":false,"appDisabled":false,"descriptor":"/home/user1/.moonchild productions/pale moon/7oqjib1d.default/extensions/cslite-mod@wantora.bitbucket.org.xpi","installDate":1495527477000,"updateDate":1495527477000,"applyBackgroundUpdates":1,"bootstrap":false,"size":587014,"sourceURI":null,"releaseNotesURI":null,"softDisabled":false,"foreignInstall":false,"hasBinaryComponents":false,"strictCompatibility":false,"locales":[],"targetApplications":[{"id":"{ec8030f7-c20a-464f-9b0e-13a3a9e97384}","minVersion":"3.6","maxVersion":"22.*"},{"id":"{92650c4d-4b8e-4d2a-b7eb-24ecf4f6b63a}","minVersion":"2.3","maxVersion":"2.8.*"}],"targetPlatforms":[],"multiprocessCompatible":false,"jetsdk":false,"native":false},{"id":"{a7213cf2-fa1e-4373-88ff-255d0abd3020}","syncGUID":"ElOvei447wNH","location":"app-profile","version":"0.6.6","type":"extension","internalName":null,"updateURL":null,"updateKey":null,"optionsURL":"chrome://downloads_window/content/options.xul","optionsType":"2","aboutURL":null,"iconURL":null,"icon64URL":null,"defaultLocale":{"name":"Downloads Window","description":"Separate downloads window","creator":"ungram","homepageURL":"https://bitbucket.org/ungram/downloads_window"},"visible":true,"active":true,"userDisabled":false,"appDisabled":false,"descriptor":"/home/user1/.moonchild productions/pale moon/7oqjib1d.default/extensions/{a7213cf2-fa1e-4373-88ff-255d0abd3020}.xpi","installDate":1495530487000,"updateDate":1495530487000,"applyBackgroundUpdates":1,"bootstrap":true,"size":57901,"sourceURI":null,"releaseNotesURI":null,"softDisabled":false,"foreignInstall":false,"hasBinaryComponents":false,"strictCompatibility":false,"locales":[],"targetApplications":[{"id":"{ec8030f7-c20a-464f-9b0e-13a3a9e97384}","minVersion":"38.0","maxVersion":"50.*"},{"id":"{8de7fcbb-c55c-4fbe-bfc5-fc555c87dbc4}","minVersion":"27.0.0a2","maxVersion":"27.*"}],"targetPlatforms":[],"multiprocessCompatible":true,"jetsdk":false,"native":true},{"id":"{bbee9373-4135-47cb-b98e-98e62085837f}","syncGUID":"qTDsDpCIB-PK","location":"app-profile","version":"3.0.1","type":"theme","internalName":"f2tm","updateURL":null,"updateKey":null,"optionsURL":null,"optionsType":null,"aboutURL":null,"iconURL":null,"icon64URL":null,"defaultLocale":{"name":"Fox 2 The Moon","description":"The default Firefox 2 theme for Pale Moon. Fork of \"Firefox 2, the theme, reloaded\" by rctgamer3 et al.","creator":"Lootyhoof","homepageURL":null,"contributors":["fax8","rctgamer3","borr","Graciliano (Win10 caption buttons)"]},"visible":true,"active":true,"userDisabled":false,"appDisabled":false,"descriptor":"/home/user1/.moonchild productions/pale moon/7oqjib1d.default/extensions/{bbee9373-4135-47cb-b98e-98e62085837f}.xpi","installDate":1495530579000,"updateDate":1495530579000,"applyBackgroundUpdates":1,"skinnable":true,"size":1695385,"sourceURI":null,"releaseNotesURI":null,"softDisabled":false,"foreignInstall":false,"hasBinaryComponents":false,"strictCompatibility":true,"locales":[],"targetApplications":[{"id":"{8de7fcbb-c55c-4fbe-bfc5-fc555c87dbc4}","minVersion":"27.0.0b3","maxVersion":"27.*"}],"targetPlatforms":[],"jetsdk":false,"native":true},{"id":"{46868735-c3fa-47ce-8ce7-cce51a66aceb}","syncGUID":"zZZQNxF4XB2V","location":"app-profile","version":"1.2.1-signed.1-signed","type":"extension","internalName":null,"updateURL":null,"updateKey":null,"optionsURL":null,"optionsType":null,"aboutURL":null,"iconURL":null,"icon64URL":null,"defaultLocale":{"name":"oldbar","description":"URL bar uses Firefox 2 style results","creator":"Seth Spitzer","homepageURL":"http://www.sspitzer.org/"},"visible":true,"active":true,"userDisabled":false,"appDisabled":false,"descriptor":"/home/user1/.moonchild productions/pale moon/7oqjib1d.default/extensions/{46868735-c3fa-47ce-8ce7-cce51a66aceb}.xpi","installDate":1495532908000,"updateDate":1495532908000,"applyBackgroundUpdates":1,"bootstrap":false,"size":6392,"sourceURI":null,"releaseNotesURI":null,"softDisabled":false,"foreignInstall":false,"hasBinaryComponents":false,"strictCompatibility":false,"locales":[],"targetApplications":[{"id":"{ec8030f7-c20a-464f-9b0e-13a3a9e97384}","minVersion":"3.0b3","maxVersion":"3.0b4pre"}],"targetPlatforms":[],"multiprocessCompatible":false,"jetsdk":false,"native":false},{"id":"{972ce4c6-7e08-4474-a285-3208198ce6fd}","syncGUID":"dNn4ucuuVdfN","location":"app-global","version":"27.3.0","type":"theme","internalName":"classic/1.0","updateURL":null,"updateKey":null,"optionsURL":null,"optionsType":null,"aboutURL":null,"iconURL":null,"icon64URL":null,"defaultLocale":{"name":"Default","description":"The default theme.","creator":"Moonchild Productions","homepageURL":null,"contributors":["Mozilla Contributors"]},"visible":true,"active":false,"userDisabled":true,"appDisabled":false,"descriptor":"/usr/lib/palemoon/browser/extensions/{972ce4c6-7e08-4474-a285-3208198ce6fd}","installDate":1495488381000,"updateDate":1495488381000,"applyBackgroundUpdates":1,"skinnable":true,"size":3524,"sourceURI":null,"releaseNotesURI":null,"softDisabled":false,"foreignInstall":false,"hasBinaryComponents":false,"strictCompatibility":true,"locales":[],"targetApplications":[{"id":"{8de7fcbb-c55c-4fbe-bfc5-fc555c87dbc4}","minVersion":"27.3.0","maxVersion":"27.3.0"}],"targetPlatforms":[],"native":true},{"id":"devtools@addons.palemoon.org","syncGUID":"Za-625DmVvhL","location":"app-profile","version":"1.0.0a1","type":"extension","internalName":null,"updateURL":null,"updateKey":null,"optionsURL":null,"optionsType":null,"aboutURL":null,"iconURL":null,"icon64URL":null,"defaultLocale":{"name":"Developer Tools","description":"The Pale Moon Web Developer Tools","creator":"Pale Moon Add-ons Team","homepageURL":null},"visible":true,"active":true,"userDisabled":false,"appDisabled":false,"descriptor":"/home/user1/.moonchild productions/pale moon/7oqjib1d.default/extensions/devtools@addons.palemoon.org.xpi","installDate":1495536269000,"updateDate":1495536269000,"applyBackgroundUpdates":1,"bootstrap":true,"size":5267931,"sourceURI":"https://addons.palemoon.org/?component=download&id=devtools@addons.palemoon.org&version=latest","releaseNotesURI":null,"softDisabled":false,"foreignInstall":false,"hasBinaryComponents":false,"strictCompatibility":false,"locales":[],"targetApplications":[{"id":"{8de7fcbb-c55c-4fbe-bfc5-fc555c87dbc4}","minVersion":"27.0.0b2","maxVersion":"27.*"}],"targetPlatforms":[],"multiprocessCompatible":false,"jetsdk":false,"native":true}]}