{"nextId":2,"logins":[{"id":1,"hostname":"http://localhost","httpRealm":null,"formSubmitURL":"http://localhost","usernameField":"auth[username]","passwordField":"auth[password]","encryptedUsername":"MDIEEPgAAAAAAAAAAAAAAAAAAAEwFAYIKoZIhvcNAwcECKaLO8Lx797GBAhD70gNEuTckg==","encryptedPassword":"MDIEEPgAAAAAAAAAAAAAAAAAAAEwFAYIKoZIhvcNAwcECNpVTSTbqOpLBAguqTqozkdhJQ==","guid":"{d9612fb5-b7fb-4aa0-a4a2-e43e017f7d47}","encType":1,"timeCreated":1495545479266,"timeLastUsed":1495546352928,"timePasswordChanged":1495545479266,"timesUsed":10}],"disabledHosts":[],"version":1}