{"[app]/duckduckgo-palemoon.xml":{"order":1,"hidden":true,"alias":null},"[app]/yahoo.xml":{"order":2,"hidden":true,"alias":null},"[app]/bing.xml":{"order":3,"hidden":true,"alias":null},"[app]/ecosia.xml":{"order":4,"hidden":true,"alias":null},"[app]/twitter.xml":{"order":5,"hidden":true,"alias":null},"[app]/wikipedia.xml":{"order":6,"hidden":true,"alias":null},"[profile]/google-encrypted-en-us.xml":{"order":7,"updateexpir":1496130193207,"updatedatatype":1},"[global]":{"current":"YouTube","hash":"reykdaS282JHZAykykIKF7K5ReUsPRol4Y35IMUyvX0="},"[profile]/youtube.xml":{"order":8,"updateexpir":1496140815071,"updatedatatype":1}}