{"chrome://browser/content/browser.xul":{"main-window":{"width":"1424","height":"835","screenX":"204","screenY":"53","sizemode":"maximized"},"addon-bar":{"currentset":"addonbar-closebutton,status4evar-status-widget,status4evar-progress-widget,separator,status-bar,separator,noscript-tbb,separator,firebug-badged-button","collapsed":"false"},"nav-bar":{"currentset":"new-tab-button,unified-back-forward-button,reload-button,stop-button,bookmarks-button,history-button,search-container,urlbar-container,navigator-throbber,downloads-button,uBlock0-legacy-button,window-controls,webrtc-status-button","iconsize":"large","collapsed":""},"toolbar-menubar":{"currentset":"menubar-items"},"PersonalToolbar":{"currentset":"personal-bookmarks"},"TabsToolbar":{"currentset":"appmenu-toolbar-button,tabbrowser-tabs,tabs-closebutton,tabs-padlock-tbitem"},"sidebar-box":{"src":"chrome://browser/content/bookmarks/bookmarksPanel.xul"},"navigator-toolbox":{"iconsize":"large"},"fbMainFrame":{"width":"","height":""},"urlbar-container":{"width":"1394"},"search-container":{"width":"211"},"sidebar-title":{"value":""}},"chrome://browser/content/search/engineManager.xul":{"engineManager":{"screenX":"709","screenY":"59","width":"513","height":"359"}},"chrome://browser/content/places/places.xul":{"placesContentTags":{"ordinal":"3"},"placesContentUrl":{"ordinal":"5"},"placesContentDate":{"ordinal":"7"},"placesContentVisitCount":{"ordinal":"9"},"placesContentKeyword":{"ordinal":"11"},"placesContentDescription":{"ordinal":"13"},"placesContentDateAdded":{"ordinal":"15"},"placesContentLastModified":{"ordinal":"17"},"placesContentParentFolder":{"ordinal":"19"},"placesContentParentFolderPath":{"ordinal":"21"},"places":{"screenX":"71","screenY":"342","width":"700","height":"500","sizemode":"normal"},"placesContentTitle":{"sortDirection":"ascending"}},"about:config":{"prefCol":{"ordinal":"1","sortDirection":"ascending"},"lockCol":{"ordinal":"3"},"typeCol":{"ordinal":"5"},"valueCol":{"ordinal":"7"}},"chrome://noscript/content/noscriptOptions.xul":{"noscriptOptions":{"screenX":"612","screenY":"248"}},"chrome://global/content/customizeToolbar.xul":{"CustomizeToolbarWindow":{"width":"736","height":"528"}},"chrome://cookiesafe/content/cookiesafeOptions.xul":{"cookiesafeOptions":{"screenX":"745","screenY":"326","width":"430","height":"307"}},"chrome://browser/content/pageinfo/pageInfo.xul":{"main-window":{"screenX":"654","screenY":"212","width":"600","height":"500","sizemode":"normal"}},"chrome://browser/content/preferences/cookies.xul":{"CookiesDialog":{"screenX":"690","screenY":"270","width":"528","height":"392"}},"chrome://downloads_window/content/downloadsWindow.xul":{"downloadsWindow":{"screenX":"717","screenY":"330","width":"485","height":"300","sizemode":"normal"}},"chrome://browser/content/places/bookmarkProperties.xul":{"bookmarkproperties":{"screenX":"475","screenY":"392","width":"440"}},"chrome://browser/content/preferences/preferences.xul":{"BrowserPreferences":{"lastSelected":"paneSecurity","screenX":"626","screenY":"183"}},"chrome://browser/content/preferences/fonts.xul":{"FontsDialog":{"screenX":"26","screenY":"81"}},"chrome://passwordmgr/content/passwordManagerExceptions.xul":{"SignonViewerExceptionDialog":{"lastSelected":"SignonViewerDialogPane","screenX":"771","screenY":"358","width":"377","height":"244"}},"chrome://browser/content/preferences/permissions.xul":{"PermissionsDialog":{"screenX":"696","screenY":"262","width":"528","height":"435"}},"chrome://passwordmgr/content/passwordManager.xul":{"SignonViewerDialog":{"screenX":"573","screenY":"259","width":"774","height":"442"}},"chrome://global/content/devtools/webconsole.xul":{"devtools-webconsole":{"screenX":"991","screenY":"561","width":"900","height":"350","sizemode":"normal"}},"chrome://firebug/content/firefox/firebug.xul":{"firebug":{"screenX":"560","screenY":"180","width":"800","height":"600","sizemode":"normal"}},"chrome://browser/content/sanitize.xul":{"SanitizeDialog":{"screenX":"441","screenY":"265"},"detailsExpander":{"class":"expander-up"},"itemList":{"collapsed":"false"}},"chrome://cookiesafe/content/cookiesafeEditCookies.xul":{"showTree":{"selected":"true"},"allsites":{"selected":"true"},"cookies-tree":{"lastClicked":"host"},"host":{"atoz":"true"},"cookiesafeEditCookies":{"screenX":"754","screenY":"283","width":"944","height":"393"}}}