<?xml version="1.0" encoding="UTF-8"?>

<channel name="thunar" version="1.0">
  <property name="last-view" type="string" value="ThunarCompactView"/>
  <property name="last-icon-view-zoom-level" type="string" value="THUNAR_ZOOM_LEVEL_NORMAL"/>
  <property name="last-separator-position" type="int" value="170"/>
  <property name="last-show-hidden" type="bool" value="true"/>
  <property name="last-window-width" type="int" value="786"/>
  <property name="last-window-height" type="int" value="766"/>
  <property name="last-window-maximized" type="bool" value="false"/>
  <property name="last-compact-view-zoom-level" type="string" value="THUNAR_ZOOM_LEVEL_SMALL"/>
  <property name="misc-single-click" type="bool" value="false"/>
  <property name="misc-text-beside-icons" type="bool" value="true"/>
  <property name="misc-date-style" type="string" value="THUNAR_DATE_STYLE_ISO"/>
  <property name="tree-icon-size" type="string" value="THUNAR_ICON_SIZE_SMALLER"/>
  <property name="last-side-pane" type="string" value="ThunarTreePane"/>
</channel>
