<?xml version="1.0" encoding="UTF-8"?>

<channel name="xfce4-panel" version="1.0">
  <property name="configver" type="int" value="2"/>
  <property name="panels" type="array">
    <value type="int" value="1"/>
    <property name="panel-1" type="empty">
      <property name="position" type="string" value="p=8;x=960;y=1064"/>
      <property name="length" type="uint" value="100"/>
      <property name="position-locked" type="bool" value="true"/>
      <property name="size" type="uint" value="30"/>
      <property name="plugin-ids" type="array">
        <value type="int" value="20"/>
        <value type="int" value="1"/>
        <value type="int" value="8"/>
        <value type="int" value="7"/>
        <value type="int" value="9"/>
        <value type="int" value="10"/>
        <value type="int" value="17"/>
        <value type="int" value="12"/>
        <value type="int" value="11"/>
        <value type="int" value="14"/>
        <value type="int" value="4"/>
        <value type="int" value="13"/>
        <value type="int" value="3"/>
        <value type="int" value="15"/>
        <value type="int" value="6"/>
        <value type="int" value="19"/>
        <value type="int" value="2"/>
        <value type="int" value="21"/>
        <value type="int" value="5"/>
        <value type="int" value="18"/>
      </property>
    </property>
  </property>
  <property name="plugins" type="empty">
    <property name="plugin-1" type="string" value="applicationsmenu">
      <property name="button-icon" type="string" value="distributor-logo-debian"/>
      <property name="show-button-title" type="bool" value="false"/>
      <property name="button-title" type="string" value=""/>
    </property>
    <property name="plugin-3" type="string" value="tasklist"/>
    <property name="plugin-15" type="string" value="separator">
      <property name="expand" type="bool" value="true"/>
      <property name="style" type="uint" value="0"/>
    </property>
    <property name="plugin-4" type="string" value="pager">
      <property name="rows" type="uint" value="2"/>
      <property name="workspace-scrolling" type="bool" value="false"/>
      <property name="miniature-view" type="bool" value="true"/>
    </property>
    <property name="plugin-5" type="string" value="clock">
      <property name="digital-format" type="string" value="%I:%M %p"/>
    </property>
    <property name="plugin-6" type="string" value="systray">
      <property name="show-frame" type="bool" value="false"/>
      <property name="names-hidden" type="array">
      </property>
      <property name="names-visible" type="array">
      </property>
    </property>
    <property name="plugin-7" type="string" value="showdesktop"/>
    <property name="plugin-8" type="string" value="separator">
      <property name="style" type="uint" value="1"/>
    </property>
    <property name="plugin-9" type="string" value="launcher">
      <property name="items" type="array">
        <value type="string" value="14952903901.desktop"/>
      </property>
      <property name="disable-tooltips" type="bool" value="true"/>
    </property>
    <property name="plugin-10" type="string" value="launcher">
      <property name="items" type="array">
        <value type="string" value="14952903902.desktop"/>
      </property>
      <property name="disable-tooltips" type="bool" value="true"/>
    </property>
    <property name="plugin-11" type="string" value="launcher">
      <property name="items" type="array">
        <value type="string" value="14953657503.desktop"/>
      </property>
      <property name="disable-tooltips" type="bool" value="true"/>
    </property>
    <property name="plugin-12" type="string" value="launcher">
      <property name="items" type="array">
        <value type="string" value="14953642371.desktop"/>
      </property>
      <property name="disable-tooltips" type="bool" value="true"/>
    </property>
    <property name="plugin-13" type="string" value="separator"/>
    <property name="plugin-14" type="string" value="separator"/>
    <property name="plugin-17" type="string" value="separator"/>
    <property name="plugin-20" type="string" value="separator"/>
    <property name="plugin-2" type="string" value="cpugraph"/>
    <property name="plugin-18" type="string" value="separator"/>
    <property name="plugin-19" type="string" value="separator"/>
    <property name="plugin-21" type="string" value="separator"/>
  </property>
</channel>
